insert into cuber (id, name) values (1, 'Fletcher Berry');
insert into cuber (id, name) values (2, 'Feliks Zemdegs');
insert into cuber (id, name) values (3, 'Caleb Tate');

insert into solve (event, time, cuber_id) values ('3x3', 17.81, 1);
insert into solve (event, time, cuber_id) values ('3x3', 15.50, 1);
insert into solve (event, time, cuber_id) values ('3x3', 15.64, 1);
insert into solve (event, time, cuber_id) values ('3x3', 16.24, 1);
insert into solve (event, time, cuber_id) values ('3x3', 21.44, 1);
insert into solve (event, time, cuber_id) values ('3x3', 14.35, 1);
insert into solve (event, time, cuber_id) values ('3x3', 22.70, 1);
insert into solve (event, time, cuber_id) values ('3x3', 15.95, 1);
insert into solve (event, time, cuber_id) values ('3x3', 16.81, 1);
insert into solve (event, time, cuber_id) values ('3x3', 13.56, 1);

insert into solve (event, time, cuber_id) values ('OH', 19.83, 1);
insert into solve (event, time, cuber_id) values ('OH', 23.48, 1);
insert into solve (event, time, cuber_id) values ('OH', 22.14, 1);
insert into solve (event, time, cuber_id) values ('OH', 24.76, 1);
insert into solve (event, time, cuber_id) values ('OH', 25.78, 1);

insert into solve (event, time, cuber_id) values ('4x4', 56.98, 1);
insert into solve (event, time, cuber_id) values ('4x4', 59.87, 1);
insert into solve (event, time, cuber_id) values ('4x4', 52.18, 1);

insert into solve (event, time, cuber_id) values ('3x3', 5.72, 2);
insert into solve (event, time, cuber_id) values ('3x3', 6.16, 2);
insert into solve (event, time, cuber_id) values ('3x3', 7.95, 2);
insert into solve (event, time, cuber_id) values ('3x3', 6.24, 2);
insert into solve (event, time, cuber_id) values ('3x3', 6.75, 2);
insert into solve (event, time, cuber_id) values ('3x3', 6.61, 2);
insert into solve (event, time, cuber_id) values ('3x3', 7.75, 2);
insert into solve (event, time, cuber_id) values ('3x3', 7.04, 2);
insert into solve (event, time, cuber_id) values ('3x3', 6.46, 2);
insert into solve (event, time, cuber_id) values ('3x3', 6.12, 2);
insert into solve (event, time, cuber_id) values ('3x3', 7.46, 2);
insert into solve (event, time, cuber_id) values ('3x3', 7.72, 2);
insert into solve (event, time, cuber_id) values ('3x3', 9.31, 2);
insert into solve (event, time, cuber_id) values ('3x3', 6.50, 2);
insert into solve (event, time, cuber_id) values ('3x3', 7.97, 2);

insert into solve (event, time, cuber_id) values ('OH', 10.95, 2);
insert into solve (event, time, cuber_id) values ('OH', 13.86, 2);
insert into solve (event, time, cuber_id) values ('OH', 11.13, 2);
insert into solve (event, time, cuber_id) values ('OH', 11.89, 2);
insert into solve (event, time, cuber_id) values ('OH', 12.05, 2);

insert into solve (event, time, cuber_id) values ('4x4', 29.72, 2);
insert into solve (event, time, cuber_id) values ('4x4', 27.65, 2);
insert into solve (event, time, cuber_id) values ('4x4', 21.45, 2);
insert into solve (event, time, cuber_id) values ('4x4', 29.76, 2);
insert into solve (event, time, cuber_id) values ('4x4', 26.63, 2);

insert into solve (event, time, cuber_id) values ('3x3', 13.11, 3);
insert into solve (event, time, cuber_id) values ('3x3', 15.81, 3);
insert into solve (event, time, cuber_id) values ('3x3', 12.69, 3);
insert into solve (event, time, cuber_id) values ('3x3', 13.35, 3);
insert into solve (event, time, cuber_id) values ('3x3', 11.59, 3);

insert into solve (event, time, cuber_id) values ('OH', 28.63, 3);
insert into solve (event, time, cuber_id) values ('OH', 29.34, 3);
insert into solve (event, time, cuber_id) values ('OH', 29.39, 3);
insert into solve (event, time, cuber_id) values ('OH', 39.47, 3);
insert into solve (event, time, cuber_id) values ('OH', 24.02, 3);

insert into solve (event, time, cuber_id) values ('4x4', 44.15, 3);
insert into solve (event, time, cuber_id) values ('4x4', 48.1, 3);
insert into solve (event, time, cuber_id) values ('4x4', 55.95, 3);

insert into metadata(cuber_id, mkey, mvalue) VALUES (1, 'Favorite Cube', 'GTS2');
insert into metadata(cuber_id, mkey, mvalue) VALUES (2, 'Age', '21');
insert into metadata(cuber_id, mkey, mvalue) VALUES (2, 'World records', '3');